<?xml version="1.0" encoding="UTF-8"?>  
<!DOCTYPE hibernate-configuration PUBLIC "-//Hibernate/Hibernate Configuration DTD 3.0//EN"  
        "http://www.hibernate.org/dtd/hibernate-configuration-3.0.dtd">  
      
<hibernate-configuration>  
<session-factory>  
            
    <property name="hbm2ddl.auto">update</property> 
    <property name="dialect">org.hibernate.dialect.MySQL5Dialect</property>
    <property name="connection.url">jdbc:mysql://localhost:3306/labexam</property>
    <property name="connection.username">root</property>
    <property name="connection.password">Aa@10/01/2006</property>
    <property name="connection.driver_class">com.mysql.jdbc.Driver</property>
    <property name="hibernate.hbm2ddl.auto">update</property>
    <property name="hibernate.show_sql">true</property>
    
    <mapping class="com.klef.jfsd.exam.Department"/>
    

</session-factory>  
</hibernate-configuration>

